i,j,value
100,100,100,100
53,53,60
57,50,74
39,70,13
14,90,59
29,44,59
33,41,17
90,42,96
80,12,94
86,22,78
52,98,25
15,30,85
19,91,73
76,88,86
42,88,48
5,84,40
62,31,41
66,66,36
52,17,24
8,87,25
28,10,39
32,77,49
89,12,51
75,97,17
95,98,7
8,38,85
85,56,39
37,54,63
94,57,30
98,36,10
13,13,87
74,13,17
3,11,12
23,84,42
70,81,30
40,4,93
2,78,10
46,30,10
16,29,93
73,92,52
2,64,45
97,70,85
83,23,52
12,41,52
69,40,3
73,45,62
59,14,48
45,47,48
49,52,45
92,78,71
96,9,96
45,64,32
97,18,54
78,56,10
93,69,10
11,65,73
54,33,22
58,44,15
44,15,4
91,44,91
20,96,90
77,81,95
24,99,24
10,26,8
67,71,23
87,24,59
0,28,36
77,34,64
63,19,63
53,9,50
80,89,1
33,53,5
19,6,94
5,39,44
56,1,84
42,60,5
5,72,11
62,59,35
38,0,39
95,49,16
2,80,15
14,41,3
71,72,5
18,84,93
75,13,82
95,70,40
51,36,6
98,89,73
61,67,15
27,95,65
47,16,86
88,95,56
17,37,88
94,21,20
23,11,79
84,11,10
13,49,16
70,34,37
74,33,43
40,81,8
60,12,39
26,63,73
46,58,40
95,7,68
22,35,73
79,54,23
83,51,80
8,1,34
45,19,18
49,80,59
31,64,44
35,5,35
92,82,64
55,94,44
96,21,92
4,35,24
25,31,62
82,24,25
11,28,24
72,30,63
21,75,80
78,20,14
44,92,58
89,90,24
87,79,38
34,57,52
91,8,90
6,51,76
10,62,58
67,35,49
87,60,73
43,58,34
29,99,6
39,14,23
80,69,77
43,75,96
29,20,86
19,34,58
76,17,56
5,27,8
62,68,20
9,88,33
52,90,12
15,86,82
56,29,25
32,6,80
18,41,79
4,84,21
99,46,59
85,15,18
71,44,4
75,41,42
51,0,49
27,59,85
47,52,64
88,59,10
17,1,14
23,47,66
64,36,12
84,47,6
50,75,65
74,69,60
40,77,76
26,19,35
83,94,20
46,86,26
12,98,14
69,95,60
73,20,45
35,80,82
59,54,66
31,36,46
92,54,77
96,49,3
7,63,14
0,14,51
11,56,55
1,98,15
6,19,31
7,76,3
48,3,20
68,78,33
24,44,20
30,6,65
87,83,29
20,24,32
77,25,46
81,94,40
67,31,67
57,21,85
39,93,67
53,65,43
80,33,39
86,11,23
15,5,14
56,74,39
76,53,39
8,7,39
62,96,42
52,62,55
56,57,69
0,70,48
28,39,39
32,34,39
75,68,85
4,72,37
28,86,66
71,16,72
61,26,6
47,91,87
17,92,29
37,17,65
94,66,8
41,86,19
22,73,86
27,7,27
88,23,84
74,22,18
3,46,44
84,67,95
40,41,55
60,52,86
16,50,31
93,60,52
97,57,49
12,6,12
69,51,17
73,48,11
49,15,37
35,76,62
45,91,4
21,18,93
7,35,95
48,80,18
11,36,77
68,19,25
72,86,37
54,90,77
58,9,1
78,76,16
44,36,30
48,47,3
34,14,62
81,41,41
34,97,83
0,49,68
20,60,17
77,61,45
57,49,55
39,65,37
63,79,75
33,40,10
9,7,76
52,99,59
19,90,39
5,83,92
62,28,49
52,18,96
28,11,62
85,86,88
32,78,16
4,44,74
61,62,65
88,68,22
94,62,38
98,37,55
13,12,46
74,10,29
8,69,52
3,10,93
23,87,16
50,19,96
70,86,57
46,31,22
16,30,62
73,67,47
93,0,60
79,93,7
26,75,15
83,22,62
73,44,44
59,1,19
49,43,39
25,2,23
82,53,64
89,65,1
21,54,70
78,57,16
7,7,52
58,45,45
34,18,23
91,47,76
20,97,64
77,80,72
6,84,59
67,70,82
30,94,92
77,33,19
63,18,93
53,8,79
80,90,79
63,99,40
29,15,14
33,52,50
90,15,95
19,9,95
5,38,35
86,51,51
52,71,11
56,2,52
42,61,29
62,56,90
38,1,4
99,53,61
71,75,92
18,85,95
75,12,24
4,0,23
65,22,96
51,39,45
37,88,88
41,29,62
98,86,41
27,94,1
47,19,14
88,32,31
51,84,57
37,41,68
94,26,80
23,10,75
84,20,33
13,48,78
70,35,84
74,46,11
40,82,90
64,72,25
26,60,38
83,69,85
81,22,26
2,37,53
22,32,56
79,49,86
69,11,90
55,40,33
59,45,37
45,18,51
49,87,74
31,67,70
25,30,71
11,31,89
1,5,8
58,94,18
44,93,50
54,2,4
81,76,92
87,78,10
0,74,51
20,5,73
10,63,26
87,63,3
63,54,87
39,9,59
80,70,39
15,32,80
19,37,13
76,18,49
62,69,79
52,91,26
15,81,70
56,30,37
56,54,72
76,97,52
75,91,14
4,85,88
8,16,8
65,65,45
85,14,76
14,10,51
71,47,77
75,40,84
47,70,32
88,60,9
3,53,70
22,91,94
23,46,5
64,37,40
50,72,47
13,84,16
40,78,4
3,66,80
64,84,56
36,26,53
22,93,25
26,16,41
83,97,30
46,87,50
12,99,20
69,94,40
73,27,47
2,9,71
79,21,49
55,12,87
96,67,70
59,73,28
25,73,44
31,39,39
35,32,66
93,78,57
11,59,46
68,56,56
72,59,12
1,97,86
44,65,53
7,79,53
68,79,3
79,15,34
24,45,61
10,64,81
30,7,72
87,82,71
0,86,36
77,24,15
24,92,48
67,30,82
57,20,40
39,92,41
63,42,61
29,70,53
90,84,1
53,64,96
39,45,40
56,75,34
42,98,25
56,58,31
28,32,61
32,35,38
18,10,23
75,71,82
38,73,49
95,8,68
65,45,78
28,87,3
85,34,76
71,19,15
47,90,72
51,31,91
17,83,9
94,67,63
41,85,31
98,30,15
27,6,60
14,99,27
88,24,69
60,70,67
23,50,47
40,42,54
60,53,86
89,5,5
16,51,88
95,28,32
97,56,65
12,7,11
69,50,71
99,89,8
49,14,54
35,79,89
55,16,93
82,78,67
31,27,64
92,27,35
21,17,90
78,34,65
14,18,19
54,91,77
4,7,18
78,77,60
44,37,78
48,32,23
34,15,29
24,9,36
81,40,82
30,99,71
77,60,61
53,51,64
57,48,26
43,5,56
63,78,51
29,42,23
90,40,49
80,14,64
19,93,23
76,90,3
62,29,49
66,64,91
52,19,52
8,89,13
28,4,54
32,79,31
4,45,49
8,40,33
65,9,31
41,32,36
94,63,3
13,11,79
3,13,33
84,96,12
50,16,82
70,87,4
40,6,33
12,84,33
16,31,13
73,66,25
93,31,42
22,5,91
26,72,91
83,25,3
59,0,30
45,45,95
96,11,14
25,1,71
82,50,27
1,56,93
81,91,34
21,53,92
78,62,65
7,6,75
54,39,87
44,9,82
34,19,31
77,79,72
81,20,80
87,26,60
77,32,90
53,23,31
57,76,37
80,91,52
43,97,41
63,98,29
29,14,33
90,12,31
19,8,30
5,37,73
66,53,17
52,64,60
42,58,86
62,57,62
95,51,36
14,47,8
71,74,24
18,82,18
75,15,96
51,38,22
37,71,50
41,28,18
61,65,95
27,81,92
88,33,80
51,87,91
17,27,92
37,40,40
94,27,58
23,5,62
13,47,93
74,47,83
40,83,12
60,14,44
50,52,35
2,75,75
26,61,80
83,68,14
93,99,1
22,14,11
79,48,43
83,53,13
69,10,35
79,75,8
45,17,96
35,7,74
82,22,64
11,30,11
72,0,20
78,26,58
48,25,1
68,84,11
30,40,69
87,73,11
34,55,62
0,75,33
20,6,35
24,65,9
10,60,73
87,62,22
29,97,81
80,71,16
29,18,31
15,35,2
76,19,50
5,25,24
66,25,11
86,92,67
52,36,85
15,80,44
56,31,96
42,30,56
18,39,17
38,34,90
4,86,51
65,64,23
28,76,35
85,13,32
71,46,85
51,2,96
27,61,95
17,7,32
3,52,59
23,41,2
84,41,15
50,73,88
40,79,75
3,69,77
60,18,25
99,32,24
22,82,44
83,96,68
69,93,91
95,2,54
35,82,49
97,98,17
25,72,72
31,38,41
35,35,26
7,57,75
11,58,87
68,57,1
72,60,73
7,78,28
48,5,29
10,65,25
30,4,40
34,91,86
20,26,83
77,23,66
24,93,27
39,95,13
43,24,30
63,85,19
53,79,37
39,44,76
80,35,68
15,7,18
56,76,86
19,64,83
52,56,47
28,33,38
32,36,82
18,11,76
99,76,17
65,44,3
28,80,40
85,33,5
71,18,66
61,24,15
51,30,86
94,64,26
98,31,80
27,25,40
88,25,24
74,20,7
3,16,13
60,71,45
23,77,75
64,2,93
60,54,38
0,73,38
46,1,10
16,52,8
81,31,88
93,58,35
97,63,80
12,0,2
69,49,18
16,67,59
73,54,74
49,13,55
35,78,74
55,19,29
96,96,66
59,84,1
25,36,42
82,79,80
45,89,88
31,26,29
92,20,12
7,29,83
11,38,24
68,29,45
72,88,56
54,88,86
58,23,33
44,38,93
24,10,84
81,47,1
30,96,66
0,51,69
20,62,8
77,59,19
63,73,78
29,41,84
90,41,91
80,15,33
9,5,47
66,46,77
86,21,2
15,27,60
19,92,16
76,91,42
42,71,57
66,65,67
38,27,64
8,90,11
28,5,4
85,84,32
32,64,47
71,97,58
8,41,53
65,8,25
41,39,7
61,60,32
17,62,77
94,60,32
22,66,15
98,35,92
13,10,34
74,8,37
3,12,11
70,84,38
46,29,38
12,85,66
73,65,85
93,30,72
22,26,6
79,95,38
83,24,62
69,21,54
59,3,95
97,89,1
45,44,10
49,41,15
25,0,44
82,51,74
21,52,22
78,63,49
7,1,11
11,66,68
54,36,47
58,43,23
44,10,21
34,16,21
0,96,35
20,99,23
77,78,78
30,92,90
87,21,14
0,31,51
33,89,63
53,22,18
57,83,61
80,92,5
29,13,32
90,13,55
19,11,79
5,36,18
9,33,26
66,50,93
86,49,35
52,65,74
56,4,80
42,59,95
38,7,32
95,50,10
99,55,69
14,44,94
71,69,37
75,14,41
4,2,3
65,20,74
51,41,48
37,70,6
41,3,65
98,84,14
27,80,78
47,29,19
88,34,85
51,86,62
17,26,9
94,24,81
13,46,22
74,44,58
40,84,16
64,74,68
50,53,7
26,58,9
83,71,88
2,35,14
22,38,71
79,51,66
83,52,48
45,16,30
49,85,68
35,6,54
92,45,2
55,91,48
96,40,83
11,17,10
14,5,35
72,1,63
1,27,91
21,72,55
4,30,5
78,27,94
44,95,95
48,26,20
68,85,80
54,0,87
87,72,71
34,52,7
20,7,45
10,61,48
87,57,21
43,63,8
63,48,96
39,11,4
29,17,22
19,39,92
5,24,24
66,22,96
86,93,18
15,83,95
56,32,40
76,99,31
42,31,7
32,25,10
18,36,65
75,93,80
38,35,75
4,87,76
8,18,73
28,77,25
85,12,9
89,73,94
71,41,66
47,64,4
51,5,95
27,60,46
47,49,68
88,62,54
17,6,23
3,55,77
23,40,60
64,39,91
91,35,12
13,82,51
70,13,38
74,64,21
40,48,42
64,86,42
22,83,51
26,30,30
46,85,1
12,29,28
59,75,49
25,79,4
92,49,67
7,56,49
72,61,96
44,67,23
7,73,29
91,80,52
68,73,47
24,47,15
10,78,20
34,88,17
77,22,88
24,94,44
6,18,59
67,0,49
39,94,80
63,84,4
53,78,90
39,47,36
80,36,29
86,14,12
15,6,9
56,77,2
76,48,72
42,96,24
56,60,19
28,34,13
32,37,62
18,8,36
38,79,32
95,10,11
99,79,62
65,35,81
28,81,43
71,13,44
51,97,77
17,81,2
37,30,20
94,65,73
41,91,43
27,24,43
88,26,83
74,21,4
3,19,15
23,76,50
40,44,32
60,55,79
46,6,22
16,53,42
12,1,32
69,48,21
16,68,27
89,93,66
49,12,58
96,97,95
59,87,79
82,76,48
92,21,39
21,31,23
78,32,38
7,28,42
48,83,91
68,30,62
54,89,34
58,20,7
78,83,6
44,39,21
34,13,10
20,72,22
24,11,15
81,46,37
10,98,6
30,97,85
0,52,90
77,58,62
53,49,27
43,7,92
63,72,59
29,40,5
90,54,49
9,4,61
66,47,38
15,26,46
19,95,59
76,84,5
42,68,91
5,80,59
62,3,91
52,29,86
28,6,75
85,83,90
71,96,14
4,47,47
8,42,16
65,15,23
17,61,2
94,61,33
98,32,19
74,9,44
3,15,66
84,98,39
26,39,1
46,34,41
16,17,47
22,27,66
79,94,48
83,27,66
69,20,11
59,2,33
49,40,18
92,74,31
25,7,85
82,48,61
21,51,21
78,60,57
7,0,34
11,69,62
89,86,91
54,37,63
58,40,39
95,77,19
44,11,94
6,75,30
10,6,9
30,93,59
87,20,93
63,31,24
53,21,60
29,12,25
90,10,45
5,35,58
9,32,70
66,51,51
56,5,24
62,63,86
95,61,55
14,45,65
18,80,83
75,1,70
4,3,4
51,40,66
41,2,33
61,95,46
27,83,20
88,35,60
17,25,96
23,7,19
74,45,36
50,50,77
81,32,37
2,32,37
22,39,21
83,55,69
69,8,95
45,15,85
49,84,45
35,9,81
55,90,91
96,41,2
82,20,65
11,16,96
1,26,23
44,88,75
48,27,67
11,97,37
68,86,45
54,1,61
30,46,7
34,53,64
20,0,55
24,67,53
10,58,14
87,56,24
43,62,64
63,51,94
39,10,86
80,57,4
43,79,78
29,16,64
15,45,33
76,13,19
5,7,76
9,92,92
52,38,5
15,82,45
56,33,91
42,28,57
32,26,42
4,80,1
8,19,84
65,70,39
28,78,94
85,11,74
51,4,63
61,99,54
27,63,78
47,48,5
88,63,80
17,5,78
3,54,82
23,43,11
70,2,87
3,71,39
60,44,19
64,87,59
36,5,25
22,80,80
26,31,15
83,98,41
46,90,2
12,30,60
69,91,44
16,89,61
73,24,41
22,3,32
79,22,42
35,84,79
55,9,38
59,74,90
25,78,66
92,50,2
96,53,8
7,59,87
11,60,21
68,59,44
79,61,78
44,60,50
7,72,70
48,7,67
24,48,9
10,79,64
30,10,34
34,89,46
20,36,66
77,21,17
24,95,27
67,3,96
39,89,72
43,26,35
29,67,16
33,0,78
39,46,63
80,37,20
86,15,4
56,78,23
76,49,3
42,97,93
52,58,39
56,61,93
28,35,35
32,38,26
89,59,43
18,9,21
38,76,89
4,52,96
65,34,53
28,82,29
85,47,49
61,22,83
51,96,1
17,80,60
37,29,62
94,70,83
27,27,30
88,27,54
74,18,46
8,65,66
3,18,66
60,65,9
23,79,86
84,79,62
40,45,22
4,99,46
60,48,5
36,57,54
93,56,64
97,61,79
79,69,96
16,69,51
73,52,87
95,9,74
49,3,33
96,98,29
59,86,21
45,87,70
31,4,20
92,22,9
21,30,26
4,21,85
78,33,37
7,31,38
11,88,70
68,31,9
72,90,83
54,94,3
1,66,10
78,80,73
44,32,4
48,35,41
34,10,16
20,73,24
24,12,94
81,45,22
10,99,18
20,56,96
77,57,73
57,53,38
43,6,27
33,44,52
90,55,3
9,11,13
19,94,70
42,69,73
5,95,62
62,0,73
66,95,87
52,30,53
38,25,23
8,92,3
28,7,29
32,66,12
89,23,86
71,99,30
98,78,79
61,58,80
17,60,42
37,49,37
94,34,40
98,33,42
74,54,32
64,96,76
50,15,51
40,9,34
91,15,28
46,35,9
12,87,17
36,93,9
81,18,79
22,24,85
79,89,96
26,87,20
83,26,27
69,19,3
45,42,58
0,35,9
49,47,10
92,75,59
25,6,64
82,49,15
1,61,7
21,50,66
78,61,77
7,3,12
11,68,77
54,58,16
58,41,25
44,4,2
30,51,34
0,98,78
77,76,76
81,9,41
10,7,93
30,66,29
63,30,4
33,95,89
53,20,91
39,97,57
80,94,16
43,98,60
90,11,3
66,48,96
56,6,12
42,57,22
62,60,96
38,5,58
99,57,62
71,71,22
4,12,18
37,68,81
98,82,78
61,94,76
27,82,12
47,31,88
88,36,74
17,24,32
94,30,69
22,71,73
84,16,90
13,44,94
40,86,51
60,9,16
50,51,82
83,87,57
26,56,81
83,73,12
22,36,54
2,86,55
83,54,39
59,33,34
22,29,45
45,14,27
49,75,18
35,8,13
92,47,67
96,42,26
82,21,75
11,19,82
72,3,71
58,90,26
21,86,69
48,28,93
68,87,34
54,6,75
30,47,51
34,50,8
0,78,80
6,52,15
10,59,56
67,38,72
43,49,56
39,5,61
80,58,3
15,44,17
76,14,2
62,73,60
66,20,91
52,39,74
56,34,68
32,27,21
18,34,81
75,95,11
8,20,58
65,69,63
85,10,2
51,7,1
61,98,21
27,62,31
47,51,28
17,4,70
3,57,21
64,57,38
13,80,18
70,3,61
74,78,19
40,50,65
3,70,19
60,45,60
95,16,78
22,81,65
79,96,10
26,28,78
73,31,14
93,68,71
79,17,68
55,8,18
96,71,96
25,77,69
76,72,55
35,36,33
92,51,2
11,63,60
4,27,32
44,61,2
7,75,67
68,75,55
30,11,6
0,42,19
20,37,51
77,20,80
81,81,90
67,2,29
39,88,15
43,29,33
63,86,89
90,80,44
39,41,77
86,12,66
15,0,9
56,79,74
19,69,20
52,59,38
56,62,82
28,60,37
32,39,25
89,58,87
18,6,30
4,53,20
8,48,25
65,33,57
85,46,33
71,15,54
61,21,23
51,99,36
17,87,17
41,89,70
98,26,79
27,26,45
88,28,3
74,19,36
64,5,29
8,75,6
74,98,63
40,46,10
60,49,86
46,4,90
93,55,13
97,60,56
79,68,64
83,1,65
12,3,40
23,15,59
69,62,5
73,59,17
81,12,49
49,2,14
92,96,18
25,41,33
82,74,78
31,7,16
92,23,24
21,29,59
78,38,13
7,30,60
11,91,33
68,24,52
54,95,79
1,65,35
34,11,13
20,74,79
24,13,54
81,44,44
0,54,50
20,57,84
77,56,71
53,63,96
63,74,41
33,35,19
9,10,12
66,45,86
86,40,79
19,97,77
76,86,42
5,94,49
62,1,65
52,31,81
85,81,29
32,67,18
71,98,76
4,41,34
8,44,66
41,36,42
98,79,47
61,57,40
88,73,50
17,51,44
94,35,36
98,62,1
74,55,53
64,97,89
50,12,45
70,75,17
40,10,58
12,80,65
16,19,73
73,70,60
93,27,43
22,10,61
79,88,31
26,84,3
69,18,26
45,41,18
96,15,68
25,5,48
21,49,10
78,2,10
2,5,88
7,2,17
11,71,10
54,59,28
58,54,12
44,5,23
30,48,92
81,8,2
10,4,80
30,67,17
87,22,89
63,25,25
33,94,38
39,96,53
80,95,88
29,10,5
90,8,14
19,12,18
52,76,13
56,7,16
42,38,22
62,61,41
18,63,59
38,58,8
95,63,3
99,56,40
14,88,80
14,51,80
71,70,52
75,3,28
98,83,42
61,93,71
27,85,50
47,30,90
88,37,35
17,31,31
8,88,19
94,31,4
60,10,85
50,48,18
97,11,4
83,72,85
46,60,1
14,82,16
4,71,21
22,37,92
79,60,6
83,57,57
55,39,94
8,2,13
31,78,79
92,40,45
55,84,11
96,43,51
11,18,85
58,91,70
78,30,62
44,90,49
48,29,89
11,99,89
54,7,62
4,9,42
30,44,39
87,69,22
34,51,93
44,96,58
6,53,75
10,56,58
43,48,7
39,4,45
43,65,37
76,15,79
5,5,80
9,66,85
66,21,23
15,92,66
56,35,17
42,26,16
32,28,54
18,35,52
75,94,36
38,38,25
95,19,95
99,84,21
28,72,95
14,15,31
71,42,12
51,6,75
61,97,18
27,49,41
88,1,34
64,58,28
84,53,64
50,69,55
13,79,76
70,0,71
74,79,84
40,51,61
3,73,29
60,46,1
79,99,60
12,24,9
16,91,64
73,30,22
55,11,83
96,88,87
59,76,46
25,76,45
35,39,9
7,53,68
11,62,71
44,62,54
7,74,50
24,50,54
10,77,94
30,8,7
34,87,62
77,19,77
57,31,93
39,91,2
43,28,51
29,65,78
33,6,33
53,75,42
80,39,92
86,13,79
15,3,81
56,80,21
52,4,67
56,63,64
28,61,90
32,56,62
89,57,93
18,7,76
8,49,15
65,32,53
85,45,87
61,20,75
51,98,52
17,86,27
37,27,20
94,68,54
41,88,26
22,78,14
74,16,89
3,20,43
60,67,86
23,73,29
74,99,55
40,47,52
46,5,24
16,40,21
93,54,84
2,65,27
83,0,95
12,60,15
69,61,34
73,58,92
14,13,96
97,69,72
49,1,50
92,97,76
25,40,16
82,75,65
31,6,8
92,16,86
21,28,61
78,39,91
7,25,85
68,25,6
54,92,23
58,19,30
48,37,57
20,75,37
24,14,8
81,35,5
10,97,67
67,80,63
87,13,3
77,55,32
53,62,93
90,53,8
80,3,7
66,42,71
86,41,89
76,87,64
42,67,55
5,93,73
62,6,46
66,93,94
52,24,68
38,31,78
8,94,29
28,1,20
32,68,9
8,45,31
98,76,35
61,56,48
27,72,33
8,9,61
47,5,90
17,50,3
13,6,75
70,57,81
74,52,66
99,7,2
50,13,11
40,11,20
12,81,6
16,20,8
73,69,91
36,95,1
93,26,37
22,30,32
79,91,30
12,32,48
69,17,28
59,7,74
45,40,92
49,45,5
31,85,14
92,69,4
25,4,85
1,51,10
58,68,21
21,48,29
95,83,7
78,3,71
11,70,90
54,56,9
58,55,60
44,6,94
30,49,43
34,44,16
91,37,24
77,74,71
6,78,56
87,17,8
0,19,90
63,24,45
53,18,50
57,87,69
39,99,40
80,80,56
29,9,23
90,9,12
19,15,4
5,32,13
62,83,81
86,53,37
52,77,38
56,8,78
42,39,5
62,34,17
18,60,59
95,62,36
99,59,43
32,96,41
14,48,11
71,65,23
18,79,4
75,2,90
4,14,28
51,45,63
37,66,74
41,7,63
98,80,68
61,92,19
27,84,17
51,90,4
17,30,69
94,28,65
23,0,90
50,94,91
70,37,5
74,40,92
40,88,13
60,11,77
50,49,13
97,10,41
83,75,95
81,21,24
2,63,10
22,58,33
83,56,13
55,38,88
59,35,21
45,12,29
49,73,11
31,73,53
11,21,28
1,31,1
21,84,57
78,31,81
7,97,29
91,92,35
11,98,81
68,81,29
10,86,9
30,45,90
87,68,59
20,3,81
6,42,84
87,53,11
63,60,87
39,7,76
80,60,89
19,43,62
76,8,78
52,33,55
15,95,55
42,27,47
32,29,58
18,32,43
4,83,83
28,73,7
75,46,33
47,76,24
51,9,62
41,99,46
61,96,52
27,48,36
47,61,7
3,59,40
97,25,96
23,36,23
70,1,31
40,52,53
3,72,49
60,47,7
36,0,25
22,87,69
79,98,57
26,26,65
12,25,79
69,88,46
73,29,48
79,19,89
96,89,85
59,79,47
97,87,20
92,13,7
21,7,56
2,12,62
7,52,51
7,69,31
24,51,73
30,9,26
8,35,84
34,84,41
0,44,4
77,18,66
81,87,57
67,4,4
57,30,75
39,90,57
29,64,59
53,74,11
86,2,44
15,2,49
56,81,39
76,44,9
96,78,8
52,5,56
28,62,2
32,57,83
89,56,74
18,4,83
4,55,76
8,50,95
65,39,2
71,9,60
61,19,32
94,69,63
98,24,48
27,28,38
14,96,91
88,30,49
74,17,23
60,92,84
23,72,31
64,7,17
60,51,63
16,41,43
93,53,80
4,94,12
97,50,59
79,70,1
69,60,90
73,57,27
61,73,13
49,0,16
25,47,76
45,84,79
92,17,48
21,27,51
7,24,59
11,93,4
68,26,73
54,93,77
95,65,72
78,87,72
44,35,46
34,9,39
87,12,50
0,8,81
77,54,57
57,58,40
29,36,29
90,50,58
9,8,91
66,43,38
42,64,47
62,7,96
66,90,57
52,25,93
38,28,69
8,95,64
28,2,47
85,95,28
32,69,43
71,92,2
75,25,47
8,46,30
65,3,32
41,42,32
98,77,29
27,75,69
51,65,51
17,49,35
37,62,57
94,33,19
98,60,47
13,5,40
74,53,16
60,96,59
64,99,57
50,10,25
70,73,29
40,12,44
12,82,36
16,21,58
36,88,40
93,25,32
22,31,12
79,90,81
83,31,66
81,7,51
45,39,27
25,11,47
1,50,27
81,90,7
21,63,57
78,0,67
54,57,54
44,7,87
91,36,12
77,73,12
67,79,1
87,16,83
0,20,71
63,27,92
33,92,27
39,98,38
80,81,10
29,8,16
90,22,96
5,47,44
62,80,47
9,36,13
66,15,18
52,78,69
56,9,69
42,36,23
62,35,33
18,61,8
38,56,25
95,57,9
99,58,33
32,97,37
14,49,19
71,64,20
75,5,56
4,15,93
51,44,63
37,65,52
41,6,41
98,81,46
61,91,85
27,87,93
88,39,89
17,29,23
94,29,27
23,3,95
50,95,93
13,41,27
60,4,30
64,79,2
50,46,2
97,9,63
93,9,31
26,7,21
83,74,16
69,99,31
73,96,9
2,60,43
22,15,27
55,33,61
45,11,22
31,72,61
55,86,8
96,45,73
97,97,30
82,16,12
11,20,74
72,6,22
1,30,27
21,83,12
78,28,26
44,84,22
48,31,88
54,5,37
10,87,57
20,12,12
24,71,55
6,43,27
10,38,41
87,52,35
43,50,64
39,6,42
80,61,2
5,3,37
9,64,58
66,19,64
86,86,57
56,37,80
32,30,28
89,35,11
18,33,65
75,80,21
4,92,74
8,23,23
65,90,25
28,74,95
89,76,86
71,36,9
61,14,67
47,79,78
51,8,18
27,51,76
47,60,2
88,3,74
8,93,56
23,39,16
64,60,30
50,67,74
13,77,52
74,77,90
40,53,80
3,75,41
60,40,36
36,1,42
22,84,24
26,27,14
46,94,57
89,22,26
16,93,1
4,76,89
79,18,74
49,27,27
35,88,52
59,78,42
25,82,89
31,44,84
35,41,4
92,14,64
21,6,49
11,48,55
44,56,81
7,68,9
24,52,81
30,14,94
0,45,13
20,32,2
77,17,62
81,86,80
67,7,51
57,29,17
39,85,30
63,83,27
29,95,83
33,4,72
90,95,1
53,73,2
80,25,89
9,19,68
86,3,95
76,45,23
28,63,55
32,58,39
18,5,27
8,51,7
85,43,38
71,8,40
61,18,57
47,99,74
17,84,7
41,94,50
98,25,66
88,31,88
74,30,17
3,22,24
60,93,41
23,75,31
84,75,72
70,98,27
74,97,82
91,11,51
81,30,63
93,52,51
97,49,41
83,2,2
69,59,17
92,99,22
31,0,1
21,26,38
78,37,43
7,27,23
11,92,60
68,27,91
54,82,43
1,70,50
78,84,91
44,28,54
48,39,17
34,6,44
24,16,49
81,33,63
67,82,89
0,9,67
77,53,54
53,60,32
57,57,47
29,35,18
90,51,63
80,5,84
66,40,38
86,47,80
15,97,63
19,98,1
76,81,39
42,65,76
52,26,71
38,29,6
8,64,8
28,3,72
85,94,3
32,70,78
89,27,16
71,95,13
4,20,89
8,47,35
65,2,69
98,74,78
27,74,46
47,7,15
88,76,74
17,48,12
37,61,72
94,38,15
97,2,38
13,4,46
70,63,96
74,50,46
93,32,79
50,11,5
70,78,96
40,13,59
46,39,81
12,83,7
16,22,57
79,37,77
83,30,51
12,34,79
69,31,5
97,88,72
45,38,89
49,35,77
31,87,78
35,16,77
92,71,44
25,10,61
82,45,65
58,66,51
54,62,71
30,55,58
34,42,79
91,39,52
77,72,87
81,13,30
10,3,47
67,78,35
87,19,76
0,21,94
63,26,36
53,16,32
39,29,28
80,82,17
29,7,87
5,46,86
62,81,3
9,43,64
66,12,44
86,75,23
52,79,28
15,69,15
56,10,75
42,37,25
62,32,20
18,58,40
38,57,62
95,56,95
32,98,59
14,54,92
71,67,74
4,8,7
51,47,6
41,5,43
27,86,66
88,40,25
94,2,35
13,40,10
74,86,34
40,90,8
60,5,87
50,47,84
95,20,49
97,8,30
69,98,85
2,61,32
22,56,31
83,58,67
55,32,59
49,79,72
31,75,83
96,46,51
82,17,76
48,92,11
4,31,5
78,29,90
7,99,9
68,83,8
54,26,26
10,84,41
87,70,32
34,78,11
20,13,79
24,72,33
6,40,17
10,39,31
87,55,11
57,0,41
43,53,37
39,1,39
80,62,70
43,66,54
19,45,79
76,10,6
5,2,19
62,77,52
52,35,96
32,31,65
18,30,83
4,93,70
28,75,35
71,39,82
47,78,92
51,11,96
41,97,51
27,50,74
3,61,90
23,38,22
64,61,45
0,99,40
84,48,5
50,64,20
70,7,74
74,74,67
3,74,79
60,41,24
36,2,32
93,47,24
46,95,11
12,27,38
69,70,73
6,73,12
79,29,43
35,91,54
96,91,51
59,65,66
31,47,58
35,40,33
92,15,59
7,54,93
11,51,53
68,32,72
72,35,20
44,57,36
7,71,19
48,60,63
81,70,38
24,53,26
10,72,11
30,15,36
0,46,6
20,33,69
6,20,25
67,6,37
39,84,54
33,27,69
53,72,58
39,37,88
80,26,92
86,0,92
15,12,50
19,73,7
9,99,41
52,7,32
32,59,33
89,62,52
18,2,65
8,52,41
27,97,88
17,75,85
94,75,38
98,22,46
27,30,20
13,31,20
74,31,94
3,25,83
60,94,93
84,84,5
70,99,53
40,18,17
46,8,65
93,51,78
97,48,57
83,5,12
12,63,29
49,6,10
25,45,76
45,82,30
31,3,21
21,25,35
7,26,17
48,73,38
54,83,4
1,69,44
58,30,28
44,29,44
34,7,86
20,86,89
24,17,36
6,97,44
67,85,48
87,14,70
91,75,43
33,39,95
80,6,80
66,41,70
15,96,15
76,82,91
42,78,95
5,90,36
66,88,26
52,27,42
99,0,50
85,93,76
32,71,66
71,94,3
75,27,74
95,84,47
41,40,17
61,53,37
27,77,77
47,6,27
88,77,3
8,84,50
94,39,18
98,58,4
70,60,73
74,51,44
60,98,87
50,8,50
70,79,51
40,14,14
26,33,48
46,36,84
2,88,76
12,76,84
16,23,62
93,23,12
4,91,19
97,92,18
26,80,90
69,30,63
8,30,85
59,24,48
45,37,72
49,34,49
31,86,34
35,19,93
92,64,23
4,32,90
25,9,47
82,42,52
21,61,38
78,6,68
89,85,12
54,63,65
58,50,90
44,1,26
30,52,15
77,71,88
6,77,96
10,0,18
67,49,60
30,71,77
33,82,23
53,31,12
57,84,7
43,89,5
29,6,23
19,16,87
5,45,60
62,86,75
66,13,93
52,72,68
15,68,38
62,33,48
28,96,63
14,55,84
18,74,13
75,7,59
95,72,5
51,46,28
37,79,87
41,4,64
27,41,10
88,41,27
51,95,87
94,3,60
50,93,54
13,39,62
70,24,2
74,87,18
3,81,42
60,6,95
50,44,69
97,15,73
83,76,68
69,97,55
2,58,70
22,57,87
83,61,86
55,35,68
45,9,70
49,78,51
35,15,69
92,36,41
96,47,2
82,14,20
1,28,94
6,28,78
21,81,7
78,98,50
7,98,67
68,92,4
54,27,74
10,85,49
30,16,96
20,14,76
24,73,23
6,41,53
10,36,56
67,45,20
87,54,33
57,7,54
63,57,14
39,0,50
43,69,15
19,44,25
5,1,9
9,70,84
66,17,30
86,84,21
15,88,75
56,39,7
95,31,71
99,88,31
14,19,65
71,38,96
75,35,44
61,12,82
51,10,35
37,99,31
41,96,48
27,53,24
47,62,94
3,60,82
64,62,16
84,49,81
13,75,68
74,75,75
3,77,3
93,46,47
93,4,57
26,25,62
69,69,5
16,95,66
73,2,39
93,95,53
22,0,17
49,25,91
35,90,66
79,81,90
55,7,21
25,80,63
82,99,96
35,43,73
92,8,30
21,4,74
7,49,1
44,58,71
7,70,49
24,54,19
81,59,37
10,73,93
30,12,7
0,47,1
77,15,78
6,21,35
67,9,84
53,38,53
57,35,54
39,87,75
43,16,39
29,93,1
33,26,49
53,87,22
39,36,8
80,27,15
9,17,68
86,1,56
15,15,2
56,84,62
76,47,52
52,0,20
32,60,71
4,50,40
8,53,92
71,10,87
61,16,67
27,96,2
17,74,72
94,72,69
41,92,27
27,17,17
13,30,67
74,28,51
99,3,68
60,95,87
23,69,89
70,96,42
97,81,45
93,50,20
97,55,54
83,4,93
12,56,9
69,57,62
73,62,93
4,73,92
49,5,91
25,44,82
82,71,5
45,81,84
31,2,11
21,24,47
95,87,25
7,21,35
11,94,37
68,5,42
59,11,85
54,80,67
1,68,14
44,30,53
20,87,22
24,18,78
81,39,52
67,84,10
87,9,82
0,11,51
77,51,21
57,63,82
29,33,70
33,38,35
90,49,5
80,7,91
66,38,6
42,79,96
5,89,22
62,10,29
38,19,8
32,88,7
38,98,50
4,22,52
65,0,91
41,47,58
27,76,15
47,1,28
88,78,51
17,54,73
94,36,78
98,59,57
13,2,67
70,61,90
74,48,88
40,96,61
60,99,65
50,9,94
40,15,3
0,79,34
16,8,44
81,17,44
22,18,88
79,39,57
26,81,55
83,32,94
69,29,44
45,36,3
31,81,36
35,18,37
92,65,77
25,8,26
1,55,66
58,64,5
21,60,7
78,7,5
0,25,15
54,60,63
81,79,61
44,2,60
30,53,66
34,40,70
91,57,68
81,3,7
10,1,37
67,48,62
30,68,15
87,45,16
63,4,57
53,30,27
39,31,1
80,84,33
90,21,48
5,44,8
66,10,37
15,71,2
56,12,78
42,35,56
62,38,52
18,56,90
95,58,7
71,61,77
18,75,80
75,6,37
51,49,63
37,78,52
41,11,12
47,37,60
51,94,45
17,18,94
22,68,9
23,28,9
84,30,46
50,90,79
60,7,27
50,45,93
22,79,3
26,2,36
83,79,37
46,65,66
69,96,50
2,59,28
22,62,58
83,60,89
59,39,19
97,83,95
31,53,30
35,14,26
96,32,43
11,9,54
21,80,61
48,18,15
68,93,96
30,17,33
34,76,39
20,15,65
10,37,37
67,44,71
87,49,44
57,6,87
43,55,51
63,56,45
80,48,73
43,68,57
19,47,68
76,4,67
52,45,38
56,40,7
14,97,26
18,28,19
8,26,41
65,95,12
85,20,2
14,16,52
71,33,76
47,72,92
51,13,49
37,98,50
27,52,81
47,57,85
3,63,53
23,32,74
13,74,8
70,5,64
74,72,69
40,56,36
93,45,34
97,42,23
46,93,32
69,68,31
93,94,48
8,21,39
79,31,93
25,87,31
35,42,8
92,9,39
21,3,49
11,53,30
44,59,17
7,65,3
68,28,59
81,58,33
30,13,18
34,80,22
91,97,79
20,35,78
77,14,45
6,10,75
67,8,90
57,34,47
39,86,75
44,72,30
43,19,17
63,92,81
29,92,13
33,25,68
53,86,12
39,39,45
15,14,92
19,75,67
76,40,83
52,1,64
28,58,73
85,71,35
32,61,63
89,60,84
18,0,6
8,54,63
85,40,22
41,50,14
61,47,30
27,99,90
17,73,50
94,73,45
98,20,31
27,16,20
13,29,34
3,27,19
60,88,59
23,68,79
64,27,56
84,86,10
50,98,3
40,20,85
46,14,36
16,45,41
93,49,28
97,54,31
83,7,22
73,61,36
6,66,85
25,51,50
45,80,96
21,39,39
78,40,71
7,20,74
48,75,94
11,81,62
72,65,1
54,81,27
1,91,82
44,31,96
91,86,74
24,19,66
67,87,67
87,8,72
77,50,49
53,57,77
57,62,13
29,32,86
33,37,96
90,62,52
9,12,87
66,39,9
15,98,53
5,88,64
62,11,83
66,86,18
8,67,62
85,91,53
71,88,10
75,29,8
4,23,41
65,7,12
41,46,2
98,73,89
61,51,26
27,79,20
88,79,82
51,69,91
17,53,11
98,56,19
70,50,69
40,97,15
50,6,67
2,76,92
12,78,24
16,9,52
36,68,10
2,84,89
97,74,46
79,38,26
26,94,76
83,35,23
59,26,83
45,35,86
49,32,21
31,80,84
35,21,12
55,78,25
25,15,60
1,54,38
21,59,71
44,3,13
30,58,29
34,41,64
91,56,91
77,69,35
81,2,70
67,51,9
30,69,69
87,44,8
63,7,73
45,94,80
39,30,76
90,18,26
19,18,66
62,84,18
9,40,34
66,11,84
52,74,58
42,32,46
62,39,91
18,57,6
95,37,52
14,53,12
71,60,33
75,57,93
95,74,72
51,48,68
37,77,34
41,10,1
61,87,3
17,17,11
94,1,69
23,31,20
84,31,95
50,91,51
13,37,96
70,30,80
40,93,95
3,83,84
60,0,38
64,67,38
50,42,27
83,78,11
14,83,7
2,56,23
4,64,39
83,63,29
55,61,76
8,3,3
45,7,79
35,49,93
92,38,94
11,8,56
21,95,1
78,96,5
7,92,16
48,19,42
54,25,5
4,10,36
30,22,52
20,8,14
6,47,29
10,34,58
67,47,23
87,48,12
90,71,2
80,49,37
15,53,67
76,5,80
5,15,66
15,90,49
56,41,21
32,18,54
89,39,2
18,29,21
75,84,65
8,27,73
65,94,55
28,70,67
85,19,58
71,32,91
75,37,66
61,10,52
47,75,26
51,12,26
47,56,62
88,7,24
64,48,30
84,51,66
13,73,14
74,73,87
40,57,34
3,79,92
60,36,5
93,44,41
97,41,92
46,98,62
12,22,5
69,67,79
16,81,50
73,0,67
2,28,34
79,30,55
35,92,72
55,1,54
96,94,60
59,66,19
25,86,7
35,45,27
92,10,7
21,2,2
7,51,8
0,0,12
11,52,61
68,35,80
72,38,42
54,74,30
81,80,76
44,52,91
48,63,75
24,56,83
81,57,95
0,33,39
77,13,88
43,18,19
90,91,93
53,85,65
39,38,72
80,29,56
9,23,86
86,7,7
76,41,81
5,99,77
9,96,55
52,2,9
28,59,79
32,62,9
89,3,55
38,68,83
4,60,69
8,55,51
85,55,79
71,4,20
61,46,57
27,98,4
17,72,72
94,78,23
97,14,88
13,28,26
74,26,53
3,26,52
23,71,5
46,15,31
16,46,62
73,83,36
83,6,5
12,58,6
69,39,76
97,68,26
45,62,92
25,50,81
45,79,12
1,41,27
21,38,20
78,41,23
48,76,70
68,7,78
54,86,3
78,88,9
44,24,26
34,2,11
24,20,29
81,37,43
67,86,40
87,11,50
77,49,18
53,56,31
57,61,68
29,63,83
90,63,89
5,54,17
9,51,82
66,36,87
86,35,65
5,71,1
8,68,37
28,31,71
85,90,4
32,90,70
89,31,30
71,91,51
38,96,21
4,16,71
65,6,58
41,45,57
98,70,47
61,50,3
27,78,36
47,3,18
51,68,62
17,52,60
37,57,21
94,42,24
98,57,8
70,51,64
91,87,25
74,62,34
40,98,81
50,7,87
12,79,39
73,79,28
22,16,8
83,34,46
59,29,1
45,34,16
49,39,76
35,20,31
92,67,64
55,73,28
96,6,68
25,14,91
82,41,65
1,53,58
21,58,96
58,49,36
30,59,37
34,38,33
91,59,24
77,68,88
6,64,92
67,50,14
87,47,18
90,96,94
57,89,42
80,86,61
29,3,52
90,19,73
19,21,21
5,42,76
9,47,80
86,79,19
52,75,13
15,65,15
56,14,45
62,36,89
18,54,1
95,36,90
8,96,39
28,99,73
14,58,40
71,63,51
18,73,87
51,51,18
41,9,13
47,39,71
17,16,29
94,6,48
23,30,2
84,24,24
50,88,9
13,36,74
70,31,3
40,94,54
3,82,40
22,77,15
26,0,74
8,11,26
2,57,13
22,60,31
79,5,71
55,60,21
45,6,8
31,55,57
35,48,53
92,39,43
96,34,44
82,13,83
11,11,71
1,17,60
21,94,29
78,97,9
7,95,84
91,95,93
68,95,43
54,30,73
91,7,79
20,9,44
24,76,19
10,35,28
87,51,39
57,4,27
43,41,71
63,58,9
90,68,38
80,50,37
43,70,32
19,49,34
76,6,48
5,14,32
9,75,40
52,47,2
56,42,84
42,5,59
32,19,39
18,26,6
38,89,8
8,28,91
28,71,30
71,35,93
75,36,14
47,74,5
51,15,17
94,83,9
98,14,79
47,59,6
88,8,33
3,33,51
22,89,26
64,49,39
84,60,66
13,72,43
40,58,16
3,78,94
97,40,14
46,99,45
12,23,56
73,7,42
93,92,40
49,30,21
35,95,10
55,0,8
96,95,2
59,69,93
22,23,36
82,94,5
35,44,28
92,11,16
21,1,11
11,55,62
54,75,63
58,6,93
44,53,59
7,67,11
24,57,51
81,56,48
20,45,95
77,12,47
81,73,62
67,10,51
53,35,26
57,32,24
39,80,93
43,21,23
29,90,61
33,31,43
39,33,5
80,30,10
9,22,5
15,8,1
56,87,37
76,42,3
42,86,84
28,52,8
85,69,86
38,69,55
4,61,5
71,7,12
17,79,14
37,4,4
8,80,34
94,79,10
98,18,37
27,18,78
89,32,74
13,27,90
74,27,28
3,29,49
64,29,95
50,96,35
46,12,28
36,34,95
93,15,68
4,95,30
97,52,22
79,76,75
83,9,24
73,35,24
99,91,64
45,61,1
49,58,4
25,49,33
1,40,24
7,22,7
11,83,58
54,87,39
58,26,3
78,89,44
44,25,26
34,3,54
77,95,42
81,36,83
87,10,24
77,48,5
53,7,24
29,62,61
90,60,11
48,0,18
5,53,59
86,32,73
62,9,73
66,84,7
85,89,81
14,95,11
71,90,96
95,80,21
37,87,76
47,2,57
88,81,15
51,71,36
37,56,43
94,43,55
98,54,9
70,48,16
6,98,81
46,40,92
12,72,79
16,11,48
73,78,31
97,80,6
26,92,40
81,6,20
59,28,90
31,82,59
92,92,65
82,38,32
1,52,14
81,89,78
54,51,36
58,62,70
30,56,94
34,39,63
77,67,53
6,65,73
10,12,5
67,53,12
30,75,96
90,97,47
53,27,1
39,24,72
90,16,38
19,20,28
5,41,53
86,76,87
52,84,42
15,64,60
42,46,11
62,37,7
32,8,52
18,55,10
38,50,29
95,39,57
8,97,32
14,59,21
71,62,30
75,59,69
51,50,72
27,45,63
47,38,50
88,45,52
94,7,19
23,25,51
13,35,31
74,83,74
40,95,45
3,85,16
60,2,64
64,69,30
93,35,27
50,40,75
97,3,17
93,8,5
46,68,30
2,54,6
22,61,81
22,12,84
59,56,23
35,51,22
92,32,36
96,35,60
22,33,34
82,10,28
11,10,70
58,99,11
7,94,31
48,21,39
68,88,24
54,31,70
87,93,68
34,75,66
91,6,87
20,10,25
6,45,41
87,50,96
57,11,85
43,40,89
90,69,79
80,51,88
19,48,69
76,7,50
5,13,91
52,40,55
42,2,34
89,37,83
18,27,2
75,86,58
38,94,82
8,29,62
28,64,77
71,34,85
61,8,95
17,98,61
94,80,25
98,15,63
27,9,18
47,58,50
88,9,5
99,31,49
3,32,53
23,61,87
64,50,51
84,61,84
13,71,90
40,59,26
4,96,64
60,38,55
8,99,82
69,65,69
73,6,92
93,91,55
79,24,22
49,29,62
35,94,87
55,3,34
96,80,33
59,68,40
25,84,63
22,17,27
35,47,90
92,4,44
21,0,9
7,45,36
11,54,12
72,40,43
54,72,61
58,7,22
44,54,73
24,58,46
81,63,88
87,97,66
20,46,90
77,11,43
81,72,75
33,30,88
90,89,35
53,83,83
80,31,51
15,11,50
56,88,10
76,43,59
52,12,9
85,68,30
32,48,68
4,62,11
8,57,86
85,53,85
71,6,40
41,55,62
17,78,22
94,76,62
41,64,74
98,19,83
27,21,13
74,24,24
60,91,18
23,65,54
64,30,69
84,81,82
91,10,56
16,32,58
81,29,63
93,14,13
97,75,20
83,8,27
12,52,24
73,34,34
45,60,34
49,57,18
59,96,85
45,77,24
31,14,19
1,47,70
21,36,36
78,47,15
7,17,20
48,78,95
54,84,95
1,88,95
78,94,31
34,0,83
24,22,42
81,27,33
87,5,32
0,15,8
33,73,64
53,6,32
57,67,75
9,49,61
66,34,6
86,33,92
76,79,48
42,75,20
5,69,33
62,14,9
38,23,39
8,70,66
28,25,53
89,29,68
71,85,48
18,99,20
4,18,72
65,4,61
41,19,74
98,68,29
17,42,57
37,39,18
94,40,35
98,55,70
13,62,33
70,49,45
74,60,15
50,5,32
70,64,59
46,41,9
12,73,50
73,77,7
93,18,19
22,22,3
79,35,89
83,36,50
69,25,43
25,99,49
31,93,86
35,22,69
92,93,16
96,24,80
25,12,88
21,56,75
78,11,20
54,48,57
58,63,10
93,80,69
30,57,26
77,66,53
6,70,7
67,52,40
30,72,47
87,41,51
33,85,88
53,26,83
57,95,84
80,72,28
43,92,45
5,40,85
66,6,87
15,67,17
56,16,81
32,9,93
18,52,54
38,51,53
8,98,94
14,56,7
71,57,44
18,71,27
51,53,38
37,74,8
41,15,27
61,84,27
27,44,55
47,33,22
17,22,60
94,4,5
23,24,43
84,26,21
13,34,70
70,29,18
40,64,36
3,84,2
64,70,25
50,41,43
36,20,37
26,14,36
83,83,80
46,69,93
99,80,68
79,7,17
55,62,60
59,59,77
45,4,66
31,49,57
96,36,57
82,11,77
11,13,70
14,11,91
72,13,70
1,23,24
21,92,80
44,83,27
7,89,8
48,22,42
68,89,36
54,28,25
10,94,66
30,21,81
34,72,76
2,96,70
20,11,42
6,34,33
67,16,17
57,10,21
90,66,43
39,63,8
80,52,73
19,51,13
5,12,44
52,41,24
56,44,80
42,3,34
32,21,57
89,36,41
75,73,67
38,95,35
95,26,96
85,16,71
14,20,67
75,38,41
61,7,93
47,84,59
51,17,82
17,97,56
98,12,87
27,8,40
88,10,4
3,35,63
64,51,72
84,62,68
40,60,68
36,8,54
97,46,27
26,98,2
46,97,29
12,17,33
69,64,80
81,15,10
79,27,17
49,28,64
25,91,14
82,92,34
31,21,23
35,46,56
92,5,5
6,35,90
21,15,35
7,44,66
11,41,94
72,41,24
54,73,21
78,67,46
44,55,61
48,50,47
81,69,96
24,59,12
81,62,5
87,96,96
0,36,5
20,47,68
77,10,24
63,88,4
29,88,32
33,29,7
90,38,80
53,82,57
39,35,38
80,16,22
56,89,39
19,79,49
5,96,92
62,19,7
66,78,33
52,13,27
32,49,65
14,65,55
4,63,15
8,58,86
85,52,75
71,1,86
41,54,32
61,43,77
37,2,91
94,77,73
41,71,2
98,16,32
27,20,91
13,25,29
74,25,95
60,84,74
64,31,18
50,30,71
73,80,86
22,11,51
79,78,82
26,70,89
83,11,33
12,53,10
69,36,54
12,28,31
73,33,28
45,59,67
49,56,57
59,99,63
25,55,3
45,76,23
1,46,53
21,35,61
78,44,19
7,16,33
48,79,48
11,85,90
68,2,54
72,69,57
78,95,16
44,27,26
34,1,6
24,23,44
87,4,60
91,65,36
77,46,66
53,5,80
76,52,41
90,58,95
5,51,24
66,35,88
86,38,3
5,68,59
62,15,72
2,1,1
38,20,29
8,71,28
28,26,20
32,93,22
14,93,32
71,84,40
18,96,65
65,27,86
37,85,34
41,18,43
98,69,84
61,79,58
47,12,48
88,83,21
51,73,1
8,85,36
94,41,53
98,52,87
84,7,8
50,2,26
70,65,56
16,13,20
4,68,77
97,86,76
26,90,76
69,24,93
8,31,25
59,30,46
25,98,14
45,31,67
49,36,86
31,92,38
92,94,2
4,33,80
1,10,24
54,49,2
95,79,96
34,37,47
91,60,48
77,65,92
30,73,22
87,40,2
63,3,74
53,25,23
39,26,90
80,73,74
90,30,14
19,22,70
76,29,43
5,23,4
62,88,84
86,66,40
52,86,26
56,17,10
42,44,66
62,43,34
32,10,74
18,53,74
95,33,7
14,57,1
71,56,75
18,68,61
41,14,64
27,47,82
88,47,82
17,21,77
50,87,76
74,81,41
40,65,34
64,71,77
50,38,61
97,1,4
26,15,5
83,82,2
22,51,40
79,6,9
55,57,1
45,3,56
31,48,71
35,53,80
96,37,50
11,12,3
72,14,6
54,98,43
1,22,66
6,29,7
44,76,37
7,88,70
68,90,60
54,29,91
24,32,68
10,95,93
30,26,10
34,73,32
91,24,84
24,79,30
10,46,19
57,9,39
43,42,94
90,67,10
39,62,88
80,53,64
5,11,12
9,72,78
52,42,6
42,0,24
75,72,13
38,92,47
14,21,33
61,6,93
17,96,36
22,75,11
98,13,52
27,11,66
88,11,9
12,88,59
23,63,73
64,52,30
13,69,15
40,61,53
97,45,8
26,99,91
12,18,15
69,79,52
73,4,33
79,26,95
25,90,10
31,20,43
92,6,53
21,14,43
7,47,83
11,40,56
68,47,7
72,42,47
54,78,15
93,89,87
48,51,19
24,60,35
81,61,85
87,99,87
0,37,57
20,40,71
77,9,87
81,78,17
67,15,58
53,32,78
39,77,19
29,87,33
90,39,9
53,81,63
39,34,42
80,17,61
9,27,14
15,21,26
56,90,20
19,78,90
76,37,81
62,16,3
66,79,49
52,14,1
85,66,36
32,50,41
89,7,27
8,59,92
65,62,63
85,51,9
71,0,62
61,42,44
17,76,69
94,50,20
41,70,9
99,2,4
3,30,83
60,85,72
23,67,22
84,83,92
50,31,30
73,87,85
22,8,53
79,73,19
26,71,53
83,10,48
69,35,28
95,11,35
45,58,78
49,63,6
59,98,71
25,54,31
45,75,40
89,67,12
31,8,56
21,41,92
21,34,15
7,19,36
48,64,57
11,84,21
68,3,82
1,94,5
78,92,2
44,20,70
34,30,76
77,92,59
24,24,9
30,82,34
77,45,95
53,4,73
57,65,96
48,30,11
29,59,30
90,59,66
44,48,34
5,50,14
9,55,47
66,32,6
86,39,40
5,67,75
66,83,20
38,21,89
99,9,76
32,94,57
89,99,65
71,87,19
18,97,94
4,28,55
65,26,15
37,84,28
27,66,58
47,15,51
51,72,91
17,40,12
94,46,7
98,53,87
84,0,84
13,60,11
70,55,45
74,58,26
50,3,63
91,1,49
46,47,8
16,14,71
81,16,38
93,16,27
22,20,84
83,38,18
69,7,3
25,97,56
45,30,33
35,24,66
92,95,61
55,69,86
96,26,36
25,18,10
0,84,4
1,9,31
78,9,86
6,15,23
30,63,31
91,63,53
81,5,32
53,24,39
39,21,81
80,74,25
29,31,78
90,31,21
19,25,28
76,30,88
5,22,87
62,89,53
66,4,49
52,87,33
62,40,58
32,11,40
18,50,69
38,49,65
4,97,77
99,37,74
71,59,46
18,69,95
75,60,46
51,55,1
41,13,52
47,35,68
88,48,5
17,20,7
22,69,69
84,36,86
50,84,76
13,32,1
70,19,39
40,66,31
3,86,55
60,29,50
64,88,62
99,12,34
50,39,32
22,65,69
83,85,51
2,53,65
22,48,28
55,56,5
59,61,52
97,82,37
45,2,8
49,71,85
31,51,32
92,35,75
96,38,22
68,52,33
72,15,15
54,99,69
21,90,20
66,57,74
7,91,56
68,91,66
54,18,86
10,92,74
30,27,84
81,97,14
10,47,47
67,18,87
43,45,76
93,22,4
90,64,95
39,57,65
80,54,33
19,53,55
5,10,36
52,43,16
56,46,48
28,44,62
32,23,81
18,22,84
75,75,74
38,93,59
4,69,4
8,0,51
65,81,17
85,30,58
89,91,61
71,31,86
61,5,94
47,86,68
51,19,29
94,87,45
98,10,46
27,10,2
3,37,28
64,53,19
13,68,87
40,62,3
60,33,73
14,70,44
36,10,14
93,39,4
95,18,82
97,44,84
12,19,76
69,78,83
2,25,10
8,22,37
49,18,69
35,67,88
96,83,67
59,89,76
82,90,38
31,23,62
92,7,65
21,13,48
7,46,61
54,79,51
4,5,67
44,49,24
48,52,60
24,61,39
81,60,47
0,38,57
77,8,83
53,47,86
39,76,20
63,90,77
29,86,82
33,19,80
90,36,70
86,24,15
15,20,4
56,91,64
19,81,79
66,76,54
52,15,26
32,51,7
89,6,27
4,57,44
8,60,73
65,61,60
85,50,40
71,3,47
41,52,85
17,67,33
37,0,68
94,51,26
41,69,63
27,22,84
13,23,70
74,7,43
60,86,70
64,17,27
70,91,13
40,26,81
16,35,3
36,46,67
22,9,9
79,72,43
26,68,54
83,13,85
12,55,54
69,34,92
73,39,69
25,53,38
31,11,31
1,44,32
21,33,60
78,50,4
11,87,45
68,12,92
54,43,12
44,21,50
20,94,23
77,91,67
81,24,41
10,20,16
67,93,4
91,67,13
53,3,21
5,49,14
9,54,15
66,33,85
62,13,45
38,10,43
28,20,66
32,95,29
14,35,62
18,94,63
98,67,28
51,75,83
17,47,28
94,47,13
98,50,90
13,59,10
70,52,2
74,59,68
97,22,14
50,0,23
26,41,77
12,68,77
16,15,29
97,73,19
79,44,53
83,41,72
69,6,21
45,29,12
49,90,5
31,94,58
55,68,46
21,69,12
78,14,65
2,3,10
68,96,27
54,55,93
30,60,62
34,35,30
6,69,6
10,8,93
67,57,85
30,79,2
63,13,89
57,92,69
55,47,24
80,75,21
43,81,42
29,30,5
90,28,48
76,31,7
62,94,72
66,5,39
56,19,30
62,41,20
32,12,81
18,51,64
4,98,56
99,36,15
25,83,45
14,63,48
18,66,58
51,54,93
27,33,13
47,34,14
17,11,4
94,11,57
23,21,82
50,85,24
70,16,56
74,95,95
40,67,49
3,89,53
60,30,33
64,89,68
50,36,75
36,23,40
22,70,57
83,84,36
14,80,55
2,50,34
22,49,80
79,0,78
0,18,63
55,59,61
96,72,56
89,82,71
31,50,70
96,39,63
11,14,72
68,53,28
44,78,14
7,90,29
89,95,67
54,19,87
4,11,53
10,93,5
87,89,47
34,71,65
8,79,65
0,91,44
20,22,61
77,99,56
97,29,19
10,44,45
67,21,30
43,44,10
90,65,69
80,55,39
15,51,44
19,52,29
5,9,30
9,78,2
56,47,22
42,14,61
28,45,87
32,40,36
89,41,40
18,23,81
85,29,85
14,27,66
71,30,47
61,4,54
51,18,4
94,84,70
98,11,30
88,13,6
3,36,40
23,57,93
84,57,95
13,67,51
40,63,69
16,56,75
93,38,43
97,35,71
26,97,11
69,77,49
16,87,55
73,10,39
2,22,25
55,31,76
96,84,42
25,88,21
49,98,86
31,22,23
92,0,43
7,41,55
11,42,43
72,44,59
6,22,25
78,70,23
44,50,67
48,53,9
81,51,91
67,96,72
0,39,72
77,7,21
53,46,61
57,43,77
39,79,79
43,8,28
63,69,89
33,18,36
90,37,58
53,95,66
86,25,72
15,23,34
56,92,7
42,83,34
62,22,35
66,77,32
52,8,12
28,49,48
85,64,4
14,68,65
8,61,79
65,60,61
85,49,13
71,2,75
41,59,53
61,40,45
37,15,21
41,68,37
98,47,15
74,4,77
3,0,39
60,87,51
64,18,93
84,93,33
50,29,52
97,32,94
93,10,84
97,79,49
2,95,29
26,69,79
83,12,64
12,48,64
97,91,44
49,61,90
14,92,4
55,99,39
25,52,11
45,73,95
31,10,4
1,35,40
21,32,15
78,51,37
7,13,70
11,86,57
68,13,83
54,40,40
1,92,88
58,39,13
44,22,96
34,28,70
10,21,80
67,92,50
30,80,33
87,1,23
91,66,37
77,43,34
80,96,56
90,57,35
5,48,18
66,62,61
76,75,36
42,55,86
5,65,72
38,11,48
99,11,96
32,80,1
14,32,15
71,81,59
18,95,49
75,18,80
95,95,91
8,4,84
37,82,43
98,64,86
27,68,48
47,9,56
88,86,47
51,74,26
94,44,53
98,51,26
84,2,87
13,58,84
97,20,28
70,53,66
23,97,89
50,1,38
70,68,11
46,45,32
22,42,66
83,40,9
14,34,13
31,89,57
35,26,59
25,16,29
82,35,38
89,70,57
1,15,15
58,72,49
21,68,39
78,15,82
2,30,25
68,97,81
30,61,90
34,32,87
91,49,36
6,58,37
10,9,30
30,76,76
80,76,54
90,29,29
19,27,75
76,24,95
5,20,69
62,95,23
66,2,61
52,81,13
15,79,40
56,20,46
48,40,12
42,43,45
32,13,60
38,55,8
95,34,62
99,39,9
65,75,34
14,60,83
71,53,4
51,57,36
61,80,79
27,32,19
47,45,82
88,50,12
17,10,1
94,8,29
64,43,53
91,33,56
50,82,68
74,92,70
40,68,71
3,88,47
60,31,90
26,10,73
91,4,56
46,73,37
81,11,83
2,51,84
96,73,41
25,67,10
45,0,20
49,69,4
31,61,47
35,54,95
92,61,27
96,56,45
82,7,85
11,1,50
54,97,92
21,88,45
44,79,40
91,94,82
68,69,24
54,16,79
81,65,64
24,35,55
30,25,35
87,88,50
34,68,12
0,92,56
77,98,56
6,38,1
10,45,11
67,20,39
57,14,87
43,47,95
63,32,46
90,78,90
80,40,76
15,50,47
56,65,5
76,60,20
5,8,83
9,77,69
52,53,25
56,48,84
42,15,57
32,41,71
18,20,31
38,83,1
95,6,84
85,28,21
14,24,78
71,25,95
47,80,49
94,85,35
98,8,70
27,12,40
3,39,44
60,76,32
13,66,20
40,32,6
60,35,46
36,52,2
12,13,63
69,76,7
16,72,75
73,9,3
49,16,64
35,69,15
55,30,44
96,85,22
59,91,8
25,95,78
82,88,40
92,1,80
68,42,94
72,45,3
44,51,95
48,54,50
20,68,50
24,63,16
81,50,84
0,56,31
20,43,43
77,6,72
53,45,82
57,42,32
39,78,52
43,11,21
29,84,77
90,34,81
80,20,95
86,30,83
15,22,19
56,93,75
19,83,73
76,32,3
42,80,82
66,74,50
28,50,34
85,79,8
32,53,51
4,59,11
8,62,89
65,51,63
85,48,31
41,58,72
17,65,90
8,81,23
94,49,36
41,75,6
98,44,81
13,21,13
3,3,13
60,80,34
23,92,10
84,94,77
50,26,1
70,89,78
46,22,77
14,75,83
16,37,56
73,84,92
97,78,64
26,66,58
83,15,80
12,49,82
69,32,92
99,90,59
45,55,44
49,60,24
55,98,78
25,59,87
21,47,87
11,73,67
14,17,36
54,41,77
58,36,14
44,23,20
34,29,40
77,89,2
24,27,90
67,95,35
29,56,32
90,6,25
5,63,93
76,68,27
5,64,16
62,51,58
99,10,85
85,99,13
32,81,67
14,33,90
18,92,91
95,94,96
65,31,67
37,81,4
98,65,66
61,75,59
47,8,37
51,77,67
17,45,6
94,45,53
98,48,17
84,3,24
13,57,51
23,96,77
50,62,78
70,69,43
6,99,34
12,70,16
36,76,31
83,43,82
69,4,40
6,68,41
59,18,90
45,27,71
49,88,1
92,90,55
96,29,8
25,23,72
82,32,72
72,22,80
1,14,31
58,73,94
68,98,22
54,53,46
58,56,67
34,33,30
67,59,78
39,22,42
80,77,52
43,83,17
29,28,22
90,26,71
19,26,76
5,19,42
66,3,12
15,78,93
56,21,20
42,40,22
62,47,22
95,45,84
85,7,55
71,52,82
18,64,78
75,49,38
27,35,1
47,44,94
88,51,72
17,9,64
94,9,10
23,23,65
13,93,36
74,93,79
40,69,94
64,91,71
36,17,79
97,5,37
93,7,18
69,87,88
36,96,58
22,55,20
97,76,51
79,2,58
55,53,83
96,74,29
25,66,30
93,98,55
49,68,68
31,60,94
96,57,32
82,4,96
68,55,27
7,84,42
68,0,2
68,70,82
54,17,57
30,30,49
87,91,70
34,69,33
91,28,44
20,16,17
77,97,57
24,83,28
6,39,18
67,23,11
57,13,13
43,46,89
63,35,17
39,58,73
15,61,76
19,54,47
9,76,32
52,54,74
56,49,54
42,12,23
28,47,18
32,42,63
89,47,32
75,76,31
95,1,83
65,86,78
28,94,16
14,25,75
71,24,28
61,2,6
51,20,31
98,9,66
27,15,36
99,30,72
60,77,38
23,59,77
84,59,78
40,33,17
95,32,85
16,58,55
36,53,77
93,36,18
97,33,17
69,75,51
16,73,5
93,21,89
93,85,61
59,90,47
25,94,44
82,89,53
92,2,77
21,10,27
48,88,88
11,44,49
54,66,2
58,1,57
44,44,23
20,69,18
24,0,10
81,49,18
20,52,10
77,5,73
53,44,95
39,73,14
43,10,92
63,71,32
90,35,13
53,93,13
80,21,10
86,31,67
15,17,17
56,94,20
76,33,12
42,81,12
62,20,76
66,75,88
52,10,4
99,17,78
28,51,6
89,11,58
4,36,1
65,50,42
41,57,55
17,64,72
94,54,90
98,45,70
74,2,23
3,2,61
60,81,13
23,95,8
64,20,9
84,95,94
50,27,85
40,29,70
91,13,80
16,38,27
36,41,3
2,73,72
83,14,3
12,50,12
69,47,39
73,36,66
45,54,35
49,51,39
35,96,26
45,71,91
78,49,83
7,15,70
48,68,8
11,72,27
72,74,62
6,11,26
34,26,7
24,28,90
10,19,37
91,68,8
77,41,17
53,0,62
57,69,83
80,98,16
90,7,49
5,62,3
66,60,91
42,53,25
5,79,43
14,38,14
75,20,67
95,89,27
37,80,52
41,21,19
98,94,89
61,74,23
88,88,15
51,76,56
37,33,39
94,18,26
97,0,11
98,49,10
13,56,44
23,99,79
50,63,73
2,93,36
26,52,84
46,51,69
91,3,26
12,71,91
36,77,8
2,45,86
22,40,36
79,41,8
83,42,8
69,3,88
45,26,19
49,95,69
35,28,92
96,30,47
25,22,91
1,13,32
78,13,86
48,96,87
68,99,90
54,10,75
58,57,44
30,35,96
34,62,71
91,51,94
6,56,60
57,97,83
39,17,28
80,78,66
43,82,72
29,27,61
19,29,6
5,18,27
9,87,77
86,71,60
52,83,18
15,73,85
56,22,60
62,44,79
32,15,64
18,46,30
95,44,44
14,2,5
18,65,3
98,98,96
27,34,60
47,47,24
88,52,18
17,8,59
94,14,81
23,22,51
74,90,40
40,70,40
3,90,67
60,25,1
14,66,85
50,35,19
95,22,33
97,4,34
26,8,57
73,19,8
22,52,79
79,13,90
55,52,24
59,49,21
31,63,92
35,56,40
92,63,26
96,58,32
11,3,51
68,48,3
72,51,41
14,84,27
95,88,69
44,73,17
7,87,62
24,37,26
30,31,47
87,90,32
91,31,63
77,96,62
24,84,7
6,36,89
67,22,53
43,33,80
90,76,29
80,42,24
15,60,47
56,67,77
19,57,55
76,62,54
86,99,65
56,50,65
95,0,44
99,69,23
28,95,42
85,26,21
14,30,28
71,27,3
88,97,77
17,91,69
94,91,42
98,6,37
88,16,25
60,78,49
23,58,31
64,9,6
13,64,49
60,61,92
16,59,27
36,54,32
2,98,11
22,97,28
12,15,79
73,15,47
93,84,95
49,22,46
35,71,42
25,93,50
45,98,39
31,19,49
92,3,32
6,32,65
7,42,30
48,89,95
11,47,11
68,20,75
72,47,5
54,67,79
44,45,40
24,1,54
81,48,57
77,4,43
6,0,68
10,51,79
39,72,21
43,13,83
33,23,4
90,32,65
53,92,88
80,22,91
9,30,31
86,28,55
15,16,86
56,95,21
42,94,72
52,11,23
99,16,65
28,12,12
32,55,6
89,10,44
4,37,60
99,97,24
65,49,48
85,62,30
41,56,86
94,55,15
41,73,26
13,19,41
74,3,9
3,5,62
60,82,95
70,95,59
93,87,9
40,30,17
12,92,50
16,39,33
83,99,89
22,13,51
79,84,85
12,51,50
73,43,33
59,8,15
45,53,15
49,50,41
35,99,28
25,57,51
45,70,88
21,45,90
78,54,3
7,14,8
48,69,76
11,75,22
68,8,52
72,75,24
54,47,86
34,27,11
77,87,86
10,16,44
87,2,13
77,40,42
63,21,88
80,99,31
33,51,68
90,4,78
19,0,6
66,61,72
76,70,39
42,50,26
5,78,77
8,77,75
32,83,80
14,39,81
71,82,89
18,90,93
75,23,86
98,95,41
88,89,60
17,35,85
37,32,3
8,86,89
94,19,22
23,13,31
84,13,53
13,55,81
74,39,4
3,97,28
50,60,37
26,53,83
46,48,71
16,3,57
36,78,92
2,42,62
22,41,7
79,40,59
83,45,13
69,2,34
99,65,67
59,20,39
45,25,56
49,94,47
31,90,39
35,31,95
92,84,11
55,64,72
96,31,56
25,21,79
72,24,91
1,12,11
58,87,46
89,88,21
78,18,29
14,26,91
21,65,29
54,11,59
95,78,1
34,63,82
91,50,89
6,57,43
67,61,46
63,9,33
53,99,68
39,16,80
80,79,24
90,24,17
76,27,24
48,6,69
62,66,33
66,1,21
86,68,84
52,92,85
15,72,25
56,23,48
62,45,34
32,0,63
18,47,29
95,47,24
99,40,74
85,5,78
71,54,24
75,51,4
27,37,34
47,46,17
88,53,18
17,15,64
23,17,79
50,81,66
13,91,79
70,20,12
60,26,38
64,93,52
50,32,71
22,90,55
26,9,59
83,88,23
69,85,31
73,18,20
93,79,24
22,53,59
79,12,78
55,55,2
59,48,65
31,62,4
35,59,32
11,2,23
72,52,44
81,83,44
44,74,44
7,86,59
48,13,90
30,28,29
87,85,88
34,67,75
91,30,77
6,37,25
10,40,51
67,25,90
63,45,51
90,77,17
53,71,4
80,43,23
15,63,41
56,68,62
19,56,22
76,63,42
86,96,31
56,51,4
42,10,41
28,41,4
32,44,52
89,45,77
4,66,67
99,68,54
65,84,78
28,88,91
85,25,75
89,94,14
71,26,78
47,93,33
88,98,9
51,22,23
94,88,57
22,72,34
98,7,77
27,1,87
88,17,55
3,40,74
60,79,34
23,53,92
64,10,81
84,69,30
40,35,47
60,62,72
16,60,70
36,55,76
93,2,49
12,8,82
93,83,74
22,6,79
59,92,76
25,92,21
82,87,61
45,97,34
31,18,32
21,8,42
7,37,90
48,90,32
68,21,83
58,15,16
78,74,44
48,41,95
81,55,46
0,59,92
20,54,58
77,3,19
81,64,64
53,42,18
57,47,9
39,75,5
63,65,41
29,81,43
33,22,81
53,91,54
9,29,39
56,96,57
19,84,22
76,35,4
42,95,65
62,26,4
66,73,96
52,20,17
85,76,11
32,72,92
14,72,37
65,48,23
61,36,2
37,11,77
94,52,32
41,72,38
13,18,86
74,0,90
99,5,48
23,89,41
0,93,18
84,89,22
50,25,69
13,99,46
89,15,81
46,21,35
93,6,82
83,16,73
14,94,82
69,45,95
73,42,64
4,75,33
45,52,14
49,49,62
35,98,21
8,14,61
82,59,6
45,69,33
14,3,81
21,44,33
95,81,68
7,9,17
72,76,31
54,44,69
1,80,56
68,40,62
34,24,30
77,86,76
24,30,28
2,20,6
67,64,80
30,84,10
87,29,11
0,7,75
77,39,12
53,14,41
29,53,76
19,3,48
5,60,2
9,57,41
66,58,22
42,51,41
38,15,1
85,96,15
32,84,61
14,36,84
18,91,1
75,22,53
95,91,41
51,33,50
61,72,38
47,21,57
51,78,53
17,34,9
84,14,29
13,54,17
70,41,62
74,36,61
50,61,18
26,50,5
46,49,36
12,65,29
36,79,36
83,44,73
94,15,39
49,93,80
31,69,18
35,30,14
92,85,10
25,20,16
11,25,26
72,25,66
58,84,9
78,19,74
54,8,80
6,12,86
30,33,24
34,60,60
91,53,17
6,62,36
67,60,77
53,98,59
39,19,80
80,64,2
43,84,29
90,25,19
19,31,72
76,20,77
5,16,53
9,85,37
66,30,86
52,93,62
56,24,88
42,23,12
32,1,53
18,44,68
65,79,11
14,0,39
71,49,11
75,50,48
51,61,68
98,96,26
27,36,53
47,41,2
88,54,33
17,14,71
94,12,81
23,16,35
50,78,94
74,88,42
60,27,87
50,33,94
97,26,48
26,22,34
69,84,42
16,96,30
96,77,75
59,51,29
25,71,31
31,57,33
35,58,77
92,57,69
2,14,39
68,50,57
44,75,2
54,20,45
10,70,9
30,29,61
87,84,43
34,64,9
91,17,11
20,19,67
77,30,68
24,86,5
6,26,78
10,41,62
43,35,2
29,76,57
33,9,32
90,74,45
53,70,60
39,55,55
80,44,90
56,69,33
19,59,70
76,56,73
66,98,5
86,97,85
52,49,83
56,52,59
42,11,95
28,42,46
18,16,90
75,65,93
4,67,74
85,24,67
14,28,80
71,21,25
61,31,7
88,99,44
51,25,37
17,89,72
37,22,48
41,83,90
14,98,79
60,72,47
40,36,62
60,63,59
16,61,61
36,48,56
95,29,74
97,38,77
12,9,56
99,86,16
49,20,62
25,35,52
82,84,34
45,96,82
92,29,30
11,33,5
68,22,71
54,65,46
58,12,14
4,6,82
78,75,25
44,47,44
20,64,10
24,3,78
0,60,1
20,55,28
77,2,55
6,6,13
53,41,27
39,74,92
43,15,22
33,21,55
80,8,49
15,18,80
56,97,3
19,87,48
76,92,85
42,92,42
62,27,19
52,21,19
85,75,73
32,73,37
14,73,18
8,34,92
85,60,33
41,62,50
61,35,35
17,69,37
37,10,50
94,53,65
13,17,26
74,1,19
23,88,96
84,90,35
50,22,87
13,98,56
70,93,89
40,0,31
46,26,4
12,94,13
16,25,77
2,68,35
79,86,56
26,78,47
0,95,44
12,45,14
69,44,52
73,41,96
59,10,45
45,51,75
49,48,23
31,96,40
25,63,94
82,56,52
45,68,34
78,52,51
7,8,49
11,77,67
68,10,6
54,45,56
1,87,46
44,19,16
34,25,40
91,40,78
77,85,31
24,31,80
6,83,26
10,30,21
67,67,6
77,38,95
53,13,18
29,52,21
90,2,4
19,2,73
5,59,60
9,56,91
66,59,34
42,48,51
5,76,25
62,55,3
95,53,73
65,98,14
28,18,32
32,85,6
14,37,3
71,76,26
18,88,75
95,90,50
51,32,77
41,26,75
98,93,23
0,27,62
47,20,85
51,81,28
17,33,6
94,17,76
8,32,36
13,53,20
70,46,88
74,37,2
97,21,75
50,58,28
93,11,20
26,51,83
2,40,71
22,47,12
97,72,37
69,0,26
12,26,22
55,45,46
59,22,44
49,92,32
31,68,2
92,86,54
55,66,94
96,17,79
25,27,55
82,28,87
11,24,80
1,2,31
58,85,86
21,79,6
78,16,86
2,0,8
34,61,45
10,50,69
67,63,24
87,32,80
53,97,31
39,18,36
43,87,63
29,24,28
15,37,87
76,21,77
5,31,60
9,84,2
86,90,28
52,94,19
56,25,7
32,2,16
18,45,80
38,40,35
65,78,25
14,1,46
71,48,81
94,98,36
98,97,50
27,39,30
99,26,62
94,13,42
23,19,54
64,32,24
84,35,85
50,79,75
13,89,8
70,10,49
74,89,86
40,73,27
3,95,29
60,20,60
99,33,72
22,88,64
26,23,56
46,82,14
14,81,54
16,97,58
95,3,80
79,14,14
12,42,4
55,49,29
59,50,32
25,70,93
31,56,85
35,61,91
92,58,38
11,4,66
68,51,95
72,54,67
21,99,5
44,68,63
48,15,78
14,31,79
54,21,45
24,40,25
30,2,94
87,87,88
34,65,66
77,29,47
24,87,36
6,27,75
67,27,77
43,34,85
63,47,85
33,8,18
90,75,22
39,54,61
80,45,95
15,57,19
76,57,73
66,99,46
52,50,69
56,53,9
42,8,1
28,43,66
32,46,50
89,51,52
38,84,78
95,13,41
99,70,46
85,39,2
14,29,18
61,30,13
47,95,28
94,94,51
88,19,4
14,85,1
3,42,86
60,73,68
23,55,96
84,71,40
16,62,14
36,49,74
2,97,74
12,10,79
69,55,56
55,21,27
59,94,5
25,34,51
45,95,93
31,28,17
92,30,66
21,22,80
7,39,29
0,2,5
11,32,8
1,74,31
78,72,11
44,40,40
20,65,58
24,4,27
81,53,42
0,61,46
6,7,84
53,40,32
63,67,70
29,47,80
90,47,10
80,9,91
86,19,24
56,98,82
19,86,52
42,93,57
5,87,41
62,24,6
66,71,43
97,19,51
52,22,95
28,15,65
95,97,59
99,98,13
85,59,54
88,64,68
94,58,37
41,78,73
97,12,84
98,41,53
12,86,35
3,6,38
13,97,76
40,1,60
46,27,66
16,26,84
73,95,25
2,69,50
97,65,31
83,18,37
73,40,31
59,13,48
45,50,24
91,29,67
49,55,24
25,62,16
21,42,53
78,53,52
68,11,44
1,86,84
58,33,16
2,18,75
34,22,69
77,84,4
10,31,37
30,90,54
87,31,46
77,37,33
63,22,80
53,12,38
29,51,33
90,3,77
19,5,4
5,58,93
66,56,40
86,63,82
76,65,31
42,49,38
5,75,71
62,52,59
99,99,3
38,13,79
95,52,48
28,19,9
14,42,35
71,79,62
18,89,71
95,69,28
65,18,10
51,35,13
37,92,76
41,25,23
88,92,87
51,80,89
17,32,64
37,45,89
94,22,43
23,14,81
13,52,88
70,47,84
8,73,32
3,98,55
50,59,60
26,48,14
16,6,62
36,73,13
2,41,75
22,44,27
83,46,34
69,15,28
45,22,66
49,83,15
31,71,28
35,0,73
55,93,32
96,18,69
25,26,30
11,27,96
72,27,5
21,78,22
4,29,14
78,17,66
44,97,84
54,14,16
30,39,1
6,60,6
67,62,44
87,35,96
43,57,6
63,10,8
48,20,13
43,86,6
76,22,4
44,46,16
5,30,89
62,65,47
66,28,22
52,95,68
56,26,19
42,21,74
32,3,36
95,40,15
22,98,93
99,45,92
65,77,31
85,2,23
14,6,22
71,51,54
51,63,41
94,99,26
27,38,44
47,43,43
88,56,5
17,12,66
3,49,26
0,97,86
50,76,69
70,11,9
74,70,79
3,94,72
60,21,31
64,80,2
8,6,11
36,30,37
97,24,64
26,20,79
83,93,87
16,98,69
81,10,61
2,13,39
96,79,75
59,53,57
25,69,77
31,59,62
35,60,33
96,62,55
82,1,13
11,7,30
68,60,27
21,98,48
44,69,56
0,16,79
6,1,52
24,41,53
30,3,49
34,94,90
91,19,32
24,88,2
6,24,63
43,37,92
63,46,51
40,76,20
33,15,42
39,49,77
80,46,16
15,56,93
19,61,77
76,58,31
66,96,20
52,51,32
42,9,60
28,36,69
32,47,3
89,50,10
18,14,59
75,67,44
8,8,74
28,91,23
85,38,83
71,23,47
17,95,60
37,20,32
94,95,10
41,81,24
98,2,21
27,2,56
88,20,9
3,45,25
60,74,34
64,13,12
84,64,90
40,38,77
60,57,8
16,63,21
93,63,77
97,36,30
73,51,75
35,75,47
55,20,25
59,81,51
89,78,67
92,31,62
21,21,81
93,74,91
7,38,42
48,93,78
1,73,14
58,10,32
78,73,41
44,41,26
48,44,37
20,66,18
81,52,80
34,98,39
0,62,96
77,0,90
57,44,57
39,68,76
43,1,34
53,88,93
80,10,28
9,2,22
52,96,72
15,28,48
19,89,54
42,90,69
5,86,88
62,25,1
85,73,44
32,75,47
14,79,32
8,36,84
65,53,42
41,60,58
61,33,58
17,59,95
37,8,51
99,19,71
94,59,55
41,77,3
13,15,85
74,15,91
3,9,46
23,90,13
50,20,73
13,96,66
70,83,44
40,2,67
46,24,85
16,27,48
95,24,39
22,1,93
83,21,87
12,47,75
69,42,3
73,47,56
59,12,31
45,49,18
49,54,80
31,98,49
92,76,14
25,61,80
82,54,57
1,36,53
7,10,28
11,79,76
54,35,2
95,66,12
44,13,39
77,83,4
24,97,4
6,81,11
10,28,57
30,91,34
87,30,6
91,91,88
77,36,14
63,17,50
53,11,87
8,15,42
90,0,8
0,94,44
5,57,28
9,62,18
89,14,33
86,60,65
42,62,15
62,53,53
38,2,39
95,55,44
75,11,1
95,68,75
65,17,27
51,34,77
27,93,52
17,39,96
37,44,42
23,9,90
84,9,96
13,51,25
70,44,23
74,35,62
50,56,80
6,96,6
26,49,29
46,52,3
16,7,36
2,38,22
22,45,81
79,52,91
83,49,53
59,40,48
49,82,43
25,25,36
11,26,40
1,0,16
81,95,23
21,77,71
44,98,35
99,6,4
54,15,21
30,36,49
87,77,54
6,61,20
64,22,74
10,48,12
67,33,90
87,34,92
43,56,53
63,53,88
39,12,26
80,67,53
43,73,69
29,22,46
19,32,85
66,29,91
86,88,51
52,88,23
15,84,71
56,27,42
42,18,95
18,43,40
38,46,27
99,44,31
85,1,67
14,7,55
75,55,62
94,96,70
47,42,70
88,57,18
17,3,16
23,45,46
64,34,74
84,45,9
16,24,82
70,8,36
74,71,55
40,75,93
60,22,93
64,81,43
2,71,58
26,21,88
83,92,59
69,81,88
16,99,72
73,22,19
97,67,31
79,8,38
55,51,22
59,52,4
25,68,44
93,97,50
35,63,8
7,61,80
11,6,76
68,61,37
12,44,45
2,29,76
48,1,2
68,76,1
24,42,22
30,0,15
87,81,67
34,95,3
20,30,24
77,27,75
24,89,32
81,88,80
43,36,26
90,73,2
53,67,59
39,48,36
80,47,73
15,59,58
56,72,50
19,60,68
62,98,34
66,97,55
56,55,86
32,32,32
18,15,26
95,15,61
99,72,52
65,40,88
85,37,3
25,85,64
71,22,76
61,28,32
47,89,5
17,94,23
37,19,4
94,92,39
98,3,72
27,5,93
88,21,35
3,44,6
23,49,88
0,3,56
40,39,5
95,35,90
97,84,54
97,59,12
12,4,60
69,53,48
73,50,91
4,79,86
35,74,26
99,75,75
59,80,92
25,32,7
82,83,10
31,30,33
92,24,96
21,20,62
95,85,38
48,94,65
11,34,28
72,84,61
54,68,21
1,72,86
58,11,93
78,78,11
44,42,16
48,45,22
24,6,85
34,99,17
77,63,68
57,51,39
39,71,28
29,45,77
90,45,81
80,11,32
52,97,14
15,31,27
83,19,23
19,88,60
76,95,4
42,91,67
62,30,67
66,69,66
28,9,45
14,76,25
95,99,62
8,37,56
65,52,76
85,57,28
41,35,29
61,32,77
88,66,54
17,58,86
37,55,90
94,56,65
41,76,6
98,39,20
13,14,22
74,12,7
50,21,52
91,12,91
73,93,49
36,87,77
2,67,46
26,77,24
83,20,6
12,40,78
69,41,41
59,15,50
45,48,62
91,99,60
49,53,22
25,60,5
21,40,87
7,5,5
11,78,16
54,32,74
58,47,45
93,19,46
44,14,85
34,20,67
91,45,13
77,82,7
67,68,49
30,88,41
87,25,49
91,90,74
77,35,22
57,79,33
80,88,45
63,97,70
33,54,61
90,1,50
19,7,41
5,56,81
66,54,84
56,0,30
62,58,5
38,3,28
99,51,76
14,40,46
71,73,34
18,87,94
75,10,90
95,71,5
65,16,58
51,37,7
37,90,81
41,31,66
98,88,48
27,92,29
47,17,56
51,82,79
17,38,91
37,43,22
94,20,30
84,10,74
13,50,2
70,45,35
40,80,6
50,57,90
26,62,64
83,67,37
83,48,73
69,13,25
55,46,44
45,20,39
31,65,33
35,2,78
55,95,10
25,24,19
82,27,92
11,29,21
72,29,13
1,7,47
58,80,41
54,12,50
87,76,7
34,56,91
6,50,45
10,49,91
63,52,44
89,72,26
39,15,89
80,68,59
43,72,38
97,99,60
29,21,90
19,35,47
76,16,64
62,71,57
15,87,68
59,60,41
42,19,80
32,5,59
18,40,87
38,47,51
95,42,83
85,0,21
14,4,70
71,45,36
94,97,50
27,56,89
47,53,69
88,58,62
17,2,18
3,51,93
23,44,77
64,35,9
50,74,41
70,9,50
74,68,92
8,78,31
60,23,34
14,67,51
95,17,3
26,18,60
12,97,33
69,80,53
73,21,46
2,11,56
79,11,15
35,81,41
96,65,54
59,55,65
31,37,86
92,53,28
93,82,92
7,60,63
11,57,92
68,62,20
91,5,8
72,57,68
1,99,47
21,96,38
4,26,77
44,71,50
48,2,17
68,77,5
30,1,60
34,92,16
20,31,77
77,26,15
24,90,22
6,30,52
67,28,67
29,72,88
90,86,20
53,66,65
39,51,65
80,32,58
56,73,2
68,68,54
62,99,64
56,56,8
18,12,25
75,69,27
38,75,47
44,0,50
8,10,28
65,47,40
28,85,85
71,17,88
47,88,22
51,29,64
17,93,29
37,18,10
94,93,34
98,0,31
27,4,42
88,22,88
3,47,80
60,68,78
64,15,57
40,40,81
16,49,51
36,60,81
93,61,56
91,26,14
69,52,55
49,8,92
55,22,60
59,83,52
31,25,69
92,25,46
6,33,46
21,19,60
7,32,81
48,95,76
11,37,80
68,18,14
54,69,25
1,79,93
78,79,35
44,43,13
20,76,61
24,7,27
81,42,77
34,96,40
20,51,71
77,62,71